-- phpMyAdmin SQL Dump
-- version 5.2.0
-- https://www.phpmyadmin.net/
--
-- Host: 127.0.0.1
-- Generation Time: Oct 15, 2022 at 05:22 AM
-- Server version: 10.4.24-MariaDB
-- PHP Version: 8.1.6

SET SQL_MODE = "NO_AUTO_VALUE_ON_ZERO";
START TRANSACTION;
SET time_zone = "+00:00";


/*!40101 SET @OLD_CHARACTER_SET_CLIENT=@@CHARACTER_SET_CLIENT */;
/*!40101 SET @OLD_CHARACTER_SET_RESULTS=@@CHARACTER_SET_RESULTS */;
/*!40101 SET @OLD_COLLATION_CONNECTION=@@COLLATION_CONNECTION */;
/*!40101 SET NAMES utf8mb4 */;

--
-- Database: `t2204m`
--

-- --------------------------------------------------------

--
-- Table structure for table `cart`
--

CREATE TABLE `cart` (
  `id` int(11) NOT NULL,
  `productId` int(11) NOT NULL,
  `count` int(11) NOT NULL DEFAULT 1
) ENGINE=InnoDB DEFAULT CHARSET=utf8mb4;

-- --------------------------------------------------------

--
-- Table structure for table `category`
--

CREATE TABLE `category` (
  `category` varchar(255) NOT NULL,
  `categoryName` varchar(255) NOT NULL
) ENGINE=InnoDB DEFAULT CHARSET=utf8mb4;

--
-- Dumping data for table `category`
--

INSERT INTO `category` (`category`, `categoryName`) VALUES
('ACF', 'Air conditioner fan'),
('CF', 'Ceiling fan'),
('FD', 'Desktop fan'),
('WF', 'Wall fan');

-- --------------------------------------------------------

--
-- Table structure for table `comment`
--

CREATE TABLE `comment` (
  `id` int(11) NOT NULL,
  `comment` longtext NOT NULL,
  `productId` int(11) NOT NULL,
  `time` timestamp NOT NULL DEFAULT current_timestamp()
) ENGINE=InnoDB DEFAULT CHARSET=utf8mb4;

--
-- Dumping data for table `comment`
--

INSERT INTO `comment` (`id`, `comment`, `productId`, `time`) VALUES
(1, 'Good', 66, '2022-09-09 17:00:00'),
(2, 'this electric fans is very good\n', 65, '2022-09-09 17:00:00'),
(4, 'Goodddd', 65, '2022-09-09 17:00:00'),
(5, 'nice product', 65, '2022-09-09 17:00:00'),
(6, 'nice', 68, '2022-09-09 17:00:00'),
(9, 'a', 69, '2022-09-26 16:14:31'),
(10, 'a', 69, '2022-09-26 16:18:34'),
(11, 'aaa', 69, '2022-09-26 16:18:36'),
(24, 'aaaaa', 69, '2022-09-26 16:46:16'),
(33, 'abc', 71, '2022-09-30 11:59:11');

-- --------------------------------------------------------

--
-- Table structure for table `discount`
--

CREATE TABLE `discount` (
  `id` int(11) NOT NULL,
  `discountCode` text NOT NULL,
  `reduce` int(11) NOT NULL
) ENGINE=InnoDB DEFAULT CHARSET=utf8mb4;

--
-- Dumping data for table `discount`
--

INSERT INTO `discount` (`id`, `discountCode`, `reduce`) VALUES
(1, 'reduce10', 10),
(2, 'reduce5', 5),
(3, 'reduce8', 8),
(4, 'reduce15', 15);

-- --------------------------------------------------------

--
-- Table structure for table `faq`
--

CREATE TABLE `faq` (
  `id` int(11) NOT NULL,
  `question` text NOT NULL,
  `answer` text NOT NULL
) ENGINE=InnoDB DEFAULT CHARSET=utf8mb4;

--
-- Dumping data for table `faq`
--

INSERT INTO `faq` (`id`, `question`, `answer`) VALUES
(1, 'I live far away, want to buy goods, how to do?', 'You can order directly via the website or by phone, chat for advice on the page, we will contact, deliver and collect COD at home nationwide.'),
(2, 'Does the shop support shipping costs when delivering goods to your place?', 'The shop supports free shipping in the area (please refer to the shipping policy) in the inner city of Hanoi, For outside the free area, customers will pay the shipping fee according to the number of kilometers from the store.'),
(3, 'Can I buy directly at the store and have it delivered to my home?', 'Customers who buy products directly from the store can ship them themselves or request delivery with the company\'s general delivery policy.'),
(4, 'How are Fanimation products sold with warranty?', 'Products sold at Fanimation are genuine and are warranted within the manufacturer\'s period. When the product needs warranty, customers can bring the product to the company\'s warranty points or bring it directly to Winline\'s store at 8 Ton That Thuyet, Nam Tu Liem, Hanoi'),
(5, 'I want to exchange after purchase, is it possible?', 'Within 7 days after purchase, you can exchange goods in 2 cases: due to manufacturer\'s fault or for another product. Details can be found in the return policy'),
(6, 'Does the store support installation?', 'When you have chosen to buy the product you need to install, we have installation support in Hanoi');

-- --------------------------------------------------------

--
-- Table structure for table `product`
--

CREATE TABLE `product` (
  `id` int(11) NOT NULL,
  `productName` varchar(255) NOT NULL,
  `cost` int(11) NOT NULL,
  `description` text NOT NULL,
  `category` varchar(255) NOT NULL,
  `image` longtext NOT NULL,
  `status` varchar(10) NOT NULL DEFAULT 'In stock'
) ENGINE=InnoDB DEFAULT CHARSET=utf8mb4;

--
-- Dumping data for table `product`
--

INSERT INTO `product` (`id`, `productName`, `cost`, `description`, `category`, `image`, `status`) VALUES
(65, 'Vinawind Fan QD-400XPN', 60, '<p>Với kiểu d&aacute;ng thanh lịch v&agrave; hiện đại kết hợp nhiều t&iacute;nh năng điều chỉnh, hẹn giờ, v&agrave; điều khiển từ xa,&nbsp;<strong>Quạt c&acirc;y Vinawind QĐ-400XPN</strong>&nbsp;l&agrave; lựa chọn tuyệt vời cho gia đ&igrave;nh bạn.</p>\n\n<p><img src=\"https://bizweb.dktcdn.net/100/391/529/files/2002311-quat-cay-dien-co-thong-nhat-vinawind-qd400xpn-a-chinh-dien-ed7b91d2-8c55-4b4f-abfb-e8a50f4ae587.png?v=1597633116987\" /></p>\n\n<p><em>Thiết kế hiện đại sang trọng</em></p>\n\n<p>Quạt c&oacute; thiết kế 3 c&aacute;nh quạt, sải c&aacute;nh rộng 40cm gi&uacute;p tản gi&oacute; rộng, l&agrave;m m&aacute;t cho những kh&ocirc;ng gian c&oacute; diện t&iacute;ch lớn như ph&ograve;ng kh&aacute;ch, ph&ograve;ng ăn, cửa h&agrave;ng, văn ph&ograve;ng&hellip; tạo cảm gi&aacute;c m&aacute;t mẻ v&agrave; thoải m&aacute;i nhất cho người d&ugrave;ng.</p>\n\n<p><br />\n<img src=\"https://bizweb.dktcdn.net/100/391/529/files/2002311-quat-cay-dien-co-thong-nhat-vinawind-qd400xpn-anh-goc-45-do-truoc-157ac66a-8beb-4117-a6b8-d582ac135458.png?v=1597633151202\" /></p>\n\n<p><em>L&agrave;m th&ocirc;ng tho&aacute;ng v&agrave; tươi m&aacute;t cho kh&ocirc;ng gian nh&agrave; bạn</em></p>\n\n<p><strong>Quạt c&acirc;y Vinawind QĐ-400XPN</strong>&nbsp;c&oacute; điều khiển từ xa thuận tiện, c&oacute; hẹn giờ tắt. Trong qu&aacute; tr&igrave;nh sử dụng quạt, người d&ugrave;ng c&oacute; thể xoay n&uacute;t điều khiển để chọn tốc độ gi&oacute;: gi&oacute; mạnh, gi&oacute; thường, gi&oacute; nhẹ, t&ugrave;y v&agrave;o nhu cầu sử dụng. Ngo&agrave;i ra, để tản gi&oacute; ra rộng hơn nữa, bạn c&oacute; thể nhấn n&uacute;t điều khiển tr&ecirc;n hộp động cơ để quạt quay v&agrave; chuyển hướng tr&aacute;i, phải li&ecirc;n tục.</p>\n\n<p><img src=\"https://bizweb.dktcdn.net/100/391/529/files/2002311-quat-cay-dien-co-thong-nhat-vinawind-qd400xpn-anh-dieu-khien-tu-xa.png?v=1597630493366\" /></p>\n\n<p><em>Quạt được trang bị điều khiển từ xa tiện lợi</em></p>\n\n<p>Động cơ quạt c&oacute; c&ocirc;ng suất 46 W v&agrave; sử dụng m&ocirc;-tơ bạc thau vận h&agrave;nh &ecirc;m &aacute;i, bền bỉ. Do đ&oacute;, sản phẩm chạy &ecirc;m, kh&ocirc;ng tạo ra tiếng ồn kh&oacute; chịu v&agrave; c&oacute; độ bền cao. Chiều cao&nbsp;<strong>quạt c&acirc;y Vinawind QĐ400 XPN</strong>&nbsp;c&oacute; thể điều chỉnh linh hoạt, lồng quạt chắc chăn, dễ d&agrave;ng vệ sinh.</p>\n\n<p><img src=\"https://bizweb.dktcdn.net/100/391/529/files/2002311-quat-cay-dien-co-thong-nhat-vinawind-qd400xpn-anh-nut-bam.png?v=1597630549073\" /></p>\n\n<p><em>C&aacute;c n&uacute;t bấm th&ocirc;ng minh cho nhiều cấp độ gi&oacute; t&ugrave;y theo nhu cầu sử dụng</em></p>\n\n<p>&nbsp;</p>\n\n<h2>Quạt c&acirc;y Vinawind QĐ-400XPN điện cơ thống nhất</h2>\n\n<ul>\n	<li>Kiểu d&aacute;ng hiện đại, thanh lịch hợp thời trang</li>\n	<li>Tản gi&oacute; ra rộng, c&oacute; thể nhấn n&uacute;t điều khiển tr&ecirc;n hộp động cơ để quạt quay v&agrave; chuyển hướng tr&aacute;i, phải li&ecirc;n tục.</li>\n	<li>C&oacute; điều khiển từ xa chọn tốc độ gi&oacute;: gi&oacute; mạnh, gi&oacute; thường, gi&oacute; nhẹ</li>\n	<li>C&oacute; chế độ hẹn giờ tiện &iacute;ch</li>\n	<li>Quạt đứng c&oacute; kiểu d&aacute;ng vững chắc, th&acirc;n quạt chắc chắn c&ugrave;ng ch&acirc;n đế rộng gi&uacute;p quạt đứng vững, kh&ocirc;ng rung lắc</li>\n	<li>Thay đổi chiều cao dễ d&agrave;ng, t&ugrave;y &yacute; ph&ugrave; hợp cho kh&ocirc;ng gian sử dụng</li>\n	<li>Động cơ quạt c&oacute; c&ocirc;ng suất 46 W v&agrave; sử dụng m&ocirc;-tơ bạc thau vận h&agrave;nh &ecirc;m &aacute;i, độ bền cao</li>\n	<li>Lồng quạt chắc chắn, an to&agrave;n, dễ d&agrave;ng th&aacute;o lắp, vệ sinh</li>\n</ul>\n\n<p>&nbsp;</p>\n\n<p>Tại sao bạn n&ecirc;n mua quạt c&acirc;y tại quatdiencothongnhat.vn</p>\n\n<p>&nbsp;</p>\n\n<p><br />\n- Đơn vị ph&acirc;n phối Quạt điện cơ thống nhất Vinawind gi&aacute; tốt<br />\n- Cam kết h&agrave;ng ch&iacute;nh h&atilde;ng. Bảo h&agrave;nh 12 th&aacute;ng<br />\n- Miễn ph&iacute; vận chuyển khu vực H&agrave; Nội<br />\n- B&aacute;o gi&aacute; nhanh nhất, lu&ocirc;n c&oacute; nh&acirc;n vi&ecirc;n tư vấn hỗ trợ sản phẩm kịp thời<br />\n- Xuất h&oacute;a đơn đỏ (nếu c&oacute; y&ecirc;u cầu)</p>\n\n<p>Th&ocirc;ng tin thương hiệu</p>\n\n<p>C&ocirc;ng ty điện cơ thống nhất l&agrave; một trong những đơn vị sản xuất quạt điện lớn nhất Việt Nam. Thương hiệu sản phẩm của c&ocirc;ng ty đ&atilde; được đăng k&yacute; độc quyền tại Việt Nam với biểu tượng h&igrave;nh 3 c&aacute;nh quạt v&agrave; t&ecirc;n gọi Vinawind</p>\n\n<p>L&agrave; đơn vị Anh H&ugrave;ng Lao Động năm 1985, đạt nhiều th&agrave;nh t&iacute;ch v&agrave; hu&acirc;n huy chương trong nhiếu năm liền cho đến nay. Sản phẩm của c&ocirc;ng ty đa dạng về mẫu m&atilde; v&agrave; chủng loại, lượng gi&oacute; lớn, ti&ecirc;u thụ điện năng &iacute;t, h&igrave;nh thức đẹp được người ti&ecirc;u d&ugrave;ng ưa chuộng. C&ocirc;ng ty lu&ocirc;n đạt Huy chương v&agrave;ng, bạc tại c&aacute;c Hội chợ quốc tế h&agrave;ng C&ocirc;ng nghiệp Việt Nam, Hội chợ &ldquo;H&agrave;ng Việt Nam chất lượng cao&quot;, nhiều năm li&ecirc;n tục đạt danh hiệu H&agrave;ng Việt Nam được người ti&ecirc;u d&ugrave;ng ưa th&iacute;ch v&agrave; được UBND th&agrave;nh phố H&agrave; Nội c&ocirc;ng nhận l&agrave; sản phẩm c&ocirc;ng nghiệp chủ lực của th&agrave;nh phố.</p>\n', 'FD', 'https://bizweb.dktcdn.net/100/391/529/products/sp11.jpg?v=1612866036657', 'In stock'),
(66, 'Industrial fan Vinawind QD-750', 110, '', 'FD', 'https://bizweb.dktcdn.net/100/391/529/products/sp25-1.jpg?v=1612855891780', 'In stock'),
(67, 'Industrial wall fan Vinawind QTT-750', 120, '', 'WF', 'https://bizweb.dktcdn.net/100/391/529/products/sp28.jpg?v=1612855077830', 'In stock'),
(68, 'Vinawind box fan QH-350LP', 30, '', 'FD', 'https://bizweb.dktcdn.net/100/391/529/products/sp23.jpg?v=1612857610507', 'In stock'),
(69, 'Industrial floor fan Vinawind QS-500', 50, '<p><strong>Vinawind QS-500 industrial floor fan</strong> with a sturdy kneeling design, easy to move, creates a cool breeze over a large area, often used to ventilate the air on the floor, most suitable for sitting on the floor at Cafes, bars and restaurants are very popular in the market. The fan is improved in form and function to meet the needs of users.</p>\n\n<p><img src=\"https://bizweb.dktcdn.net/100/391/529/files/2003234-quat-cay-dien-co-thong-nhat-vinawind-qs500-anh-goc-45-do-truoc.png?v=1597738581122\" /></p>\n\n<p>Kneeling style, low, often used to ventilate below the floor</p>\n\n<p>Wingspan of <strong>Vinawind QS-500 industrial floor fan</strong> 50cm with a capacity of 150W works strongly, creating cool air to spread over a large area with 3 custom cooling speeds according to needs. The fan is equipped with an overheat protection function for the motor to make it safe to use, without worrying about the risk of fire or explosion.</p>\n\n<p><br />\n<img src=\"https://bizweb.dktcdn.net/100/391/529/files/2003234-quat-cay-dien-co-thong-nhat-vinawind-qs500-anh-goc-45-do-sau.png?v=1597738601613\" /></p>\n\n<p>3 wind speeds, powerful operation, creating large and spreading cool breeze</p>\n\n<p>The fan cage has a sturdy stainless steel design, the safety net is woven, and the propeller protection is stable. The fan motor operates smoothly and stably, does not make noise, does not affect people&#39;s daily life or other activities. With outstanding features and advantages, Vinawind QS-500 industrial floor fan that is popular with customers will definitely be the ideal choice for customers to cool down, especially in hot summer weather.</p>\n\n<p><img src=\"https://bizweb.dktcdn.net/100/391/529/files/2003234-quat-cay-dien-co-thong-nhat-vinawind-qs500-anh-goc-90-do.png?v=1597738617223\" /></p>\n\n<p>Smooth and stable engine operation</p>\n\n<p>Industrial floor fan Vinawind QS-500</p>\n\n<ul>\n	<li>Kneeling style, low, often used to ventilate below the floor</li>\n	<li>3 wind speeds, powerful operation, creating large and spreading cool breeze</li>\n	<li>Strong and safe fan cage and base</li>\n	<li>Smooth and stable engine operation</li>\n	<li>Has overheat protection for fan motor</li>\n	<li>150W power 500mm wingspan creates strong wind flow</li>\n	<li>Most suitable for sitting on the floor in cafes, restaurants, restaurants...</li>\n</ul>\n\n<p>Why should you buy a fan at quatdiencothongnhat.vn</p>\n\n<p>- Distributor of Unified Electromechanical Fan Vinawind with good price<br />\n- Guaranteed genuine products. Warranty 12 months<br />\n- Free shipping in Hanoi area + BILLION INSTALLATION SUPPORT<br />\n- The fastest quotation, always have a consultant to support the product in a timely manner<br />\n- Issue VAT invoice (if required)</p>\n\n<p>Brand Information</p>\n\n<p>Unified Electromechanical Company is one of the largest electric fan manufacturers in Vietnam. The company&#39;s product brand has been exclusively registered in Vietnam with the symbol of 3 propellers and the name Vinawind.</p>\n\n<p>Being a Labor Hero unit in 1985, achieved many achievements and medals for many years up to now. The company&#39;s products are diverse in design and type, with large wind volume, low power consumption, and beautiful appearance that are popular with consumers. The company has always won gold and silver medals at international fairs of Vietnamese industrial goods, fairs &quot;Vietnamese high-quality goods&quot;, for many years continuously won the title of Vietnamese goods preferred by consumers and recognized by consumers. Hanoi People&#39;s Committee recognized as the main industrial product of the city.</p>\n', 'FD', 'https://bizweb.dktcdn.net/100/391/529/products/2003234-quat-cay-dien-co-thong-nhat-vinawind-qs500-anh-chinh-dien.png?v=1610332134130', 'In stock'),
(70, 'Vinawind QT-400XPN wall fan', 30, '<p>With a wingspan of 40cm and a wind flow of 62 m3/min Vinawind QT-400XPN wall fan provides cool air for your whole space such as bedroom, dining room, living room.. creating a feeling of relaxation and comfort. especially on hot, sultry days. The breeze mode is suitable for the health of the elderly and children.</p>\n\n<p><img src=\"https://bizweb.dktcdn.net/thumb/grande/100/391/529/files/quattreo-tuong-vinawind-qt-400xpn-jpeg.jpg?v=1612860731570\" /></p>\n\n<p><strong>Vinawind QT-400XPN wall fan</strong> is equipped with a controller that allows users to easily adjust the fan function at a distance. Timer to turn off within 6 hours helps you save energy when the space is cool enough. A breeze mode is equipped, suitable for use at night or for the elderly and children.</p>\n\n<p>The fan cage is made of sturdy, stainless and highly durable material, which both helps you use the fan optimally and helps limit injury when accidentally touching the fan blade while the device is operating. Vinawind QT-400XPN wall fan operates smoothly, does not make noise, and is convenient to use.</p>\n\n<p>Vinawind QT-400XPN wall fan with unified electromechanical system</p>\n\n<ul>\n	<li>Propeller: 40cm, power consumption 46W cool space</li>\n	<li>Fan provides air flow: 62 m3/min</li>\n	<li>Smooth operation, no noise, high durability</li>\n	<li>There is a breeze mode that can be used for the elderly and children</li>\n	<li>With remote control, timer to turn off 6 hours</li>\n	<li>The fan cage is made of sturdy, stainless and durable material</li>\n</ul>\n\n<p>Why should you buy a fan at quatdiencothongnhat.vn<br />\n- Distributor of Unified Electromechanical Fan Vinawind with good price<br />\n- Guaranteed genuine products. Warranty 12 months<br />\n- Free shipping in Hanoi area + BILLION INSTALLATION SUPPORT<br />\n- The fastest quotation, always have a consultant to support the product in a timely manner<br />\n- Issue VAT invoice (if required)</p>\n\n<p>&nbsp;</p>\n\n<p>Brand Information</p>\n\n<p>Unified Electromechanical Company is one of the largest electric fan manufacturers in Vietnam. The company&#39;s product brand has been exclusively registered in Vietnam with the symbol of 3 propellers and the name Vinawind. Being a Labor Hero unit in 1985, achieved many achievements and medals for many years up to now. The company&#39;s products are diverse in design and type, with large wind volume, low power consumption, and beautiful appearance that are popular with consumers. The company has always won gold and silver medals at international fairs of Vietnamese industrial goods, fairs &quot;Vietnamese high-quality goods&quot;, for many years continuously won the title of Vietnamese goods preferred by consumers and recognized by consumers. Hanoi People&#39;s Committee recognized as the main industrial product of the city.</p>\n', 'WF', 'https://bizweb.dktcdn.net/100/391/529/products/sp15-1.jpg?v=1612860763700', 'In stock'),
(71, 'Vinawind Ceiling Fan QT-1400KNM Au Lac Warrior', 200, '<p>Vinawind Ceiling Fan QT-1400KNM Au Lac Warrior</p>\n\n<p>Copper plated metal material<br />\nWingspan Diameter: 1400 mm<br />\nVoltage: 220V/50 Hz &ndash; 75 W<br />\nSpeed: 5 speeds<br />\nRemote control<br />\nNew type of mounting structure, no need for pre-hanging hooks<br />\n- The product is designed with typical Dong Son bronze drum patterns typical for Dong Son culture.</p>\n\n<p><img src=\"https://bizweb.dktcdn.net/100/391/557/files/quat-tran-vinawind-chien-binh-au-lac-11.jpg?v=1658904341893\" /></p>\n\n<p>Copper-plated steel material, feels very solid and thick, large air flow</p>\n\n<p>The motifs of traditional cultural values ​​on the product not only enhance the beauty of the product but also give the user pride in the nation&#39;s history.<br />\n- The overall fan is plated with copper color combined with Dong Son bronze drum pattern to create a luxurious feeling for the product, and at the same time enhance the product&#39;s unique features.</p>\n\n<p>- Vinawind QT-1400KNM Ceiling Fan Au Lac Warrior, using high-class bearings to help the fan operate smoothly and increase durability.<br />\n- Vinawind QT-1400KNM Ceiling Fan Au Lac Warrior is designed with both hangers and new mounting structure to be more convenient for customers to deploy and install, especially convenient without using ready-made hooks. .<br />\n- The new mounting structure makes the overall fan installation space more luxurious when no longer revealing the hangers and the gap with the ceiling like using traditional fan hangers.<br />\n- Has a convenient remote control during use</p>\n\n<p>WINLINE VIETNAM CO., LTD - SALES AND COLLECTION NATIONWIDE</p>\n\n<p>More than 20 years Specializing in providing electric fans for reputable contractors</p>\n\n<p>Specializing in wholesale and retail of electric fans, ceiling fans, decorative ceiling fans, industrial fans, ventilation fans, centrifugal exhaust fans, coolers, factory cooling pads, industrial exhaust fans, ventilation fans industry</p>\n\n<p>Professional, fast, thoughtful support: Quotation, Contract, Catalog, Drawing, CO certificate, CQ certificate, factory certificate, Quatest quality check, Conformity paper, Warranty card, Table minutes Delivery, VAT Invoice</p>\n\n<p>&nbsp;</p>\n\n<p>&nbsp;</p>\n', 'CF', 'https://bizweb.dktcdn.net/100/391/529/products/quat-tran-vinawind-chien-binh-au-lac-14.jpg?v=1659585921313', 'In stock'),
(89, 'Midea AC120-18AR air conditioner fan', 250, '<h3>Quạt điều h&ograve;a Midea đi&nbsp;k&egrave;m theo quạt c&oacute; 2 hộp đ&aacute; kh&ocirc;&nbsp;tiện dụng, gia tăng hiệu quả l&agrave;m m&aacute;t cho những ng&agrave;y nắng n&oacute;ng</h3>\n\n<p>Loại đ&aacute; h&oacute;a học n&agrave;y c&oacute; thể t&aacute;i sử dụng. Khi muốn l&agrave;m lạnh th&igrave; cho hộp đ&aacute; kh&ocirc; v&agrave;o ngăn đ&aacute; tủ lạnh, sau đ&oacute; cho v&agrave;o b&igrave;nh chứa nước của quạt, n&oacute; c&oacute; c&ocirc;ng dụng l&agrave;m lạnh nước gi&uacute;p hơi nước tỏa ra được m&aacute;t mẻ hơn.</p>\n\n<p>Trường hợp nh&agrave; bạn kh&ocirc;ng c&oacute; tủ lạnh để l&agrave;m đ&ocirc;ng đ&aacute; kh&ocirc;, bạn vẫn c&oacute; thể sử dụng quạt để l&agrave;m m&aacute;t một c&aacute;ch b&igrave;nh thường bằng nước.</p>\n\n<p><a href=\"https://cdn.tgdd.vn/Products/Images/7498/218305/quat-dieu-hoa-midea-ac120-18ar2.jpg\" onclick=\"return false;\"><img alt=\"Đá khô - Quạt điều hòa Midea AC120-18AR\" src=\"https://cdn.tgdd.vn/Products/Images/7498/218305/quat-dieu-hoa-midea-ac120-18ar2.jpg\" /></a></p>\n\n<h3>C&ocirc;ng suất hoạt động 45W với g&oacute;c tạo gi&oacute; rộng, cung cấp hơi nước l&agrave;m m&aacute;t tốt cho diện t&iacute;ch ph&ograve;ng&nbsp;10 - 15m2</h3>\n\n<p><a href=\"https://cdn.tgdd.vn/Products/Images/7498/218305/quat-dieu-hoa-midea-ac120-18ar-2-1.jpg\" onclick=\"return false;\"><img alt=\"Làm mát hiệu quả - Quạt điều hòa Midea AC120-18AR\" src=\"https://cdn.tgdd.vn/Products/Images/7498/218305/quat-dieu-hoa-midea-ac120-18ar-2-1.jpg\" /></a></p>\n\n<h3>Vận h&agrave;nh &ecirc;m &aacute;i với độ ồn ở mức thấp chỉ khoảng 34 dB tương đương với tiếng th&igrave; thầm nhỏ hay tiếng l&aacute; x&agrave;o xạc, cho kh&ocirc;ng gian sử dụng sự tĩnh lặng v&agrave; thư th&aacute;i cần thiết</h3>\n\n<p><a href=\"https://cdn.tgdd.vn/Products/Images/7498/218305/quat-dieu-hoa-midea-ac120-18ar-3-1-1.jpg\" onclick=\"return false;\"><img alt=\"Vận hành êm ái - Quạt điều hòa Midea AC120-18AR\" src=\"https://cdn.tgdd.vn/Products/Images/7498/218305/quat-dieu-hoa-midea-ac120-18ar-3-1-1.jpg\" /></a></p>\n\n<h3>Quạt điều h&ograve;a (hay c&ograve;n gọi l&agrave; m&aacute;y l&agrave;m m&aacute;t kh&ocirc;ng kh&iacute;) tạo gi&oacute; nhẹ &ecirc;m &aacute;i dễ chịu c&ugrave;ng c&ocirc;ng nghệ gi&aacute;m s&aacute;t AI điều chỉnh độ ẩm th&ocirc;ng minh</h3>\n\n<p>Quạt tự động c&acirc;n bằng độ ẩm kh&ocirc;ng kh&iacute; ở mức c&oacute; lợi cho sức khỏe (ở khoảng 55 - 65% trong m&ocirc;i trường nhiệt 26 - 28 độ C) cho kh&ocirc;ng kh&iacute; ph&ograve;ng tho&aacute;ng m&aacute;t dễ chịu tự nhi&ecirc;n v&agrave; tốt nhất cho sức khỏe.</p>\n\n<p><a href=\"https://cdn.tgdd.vn/Products/Images/7498/218305/quat-dieu-hoa-midea-ac120-18ar-1-2.jpg\" onclick=\"return false;\"><img alt=\"Công nghệ AI thông minh - Quạt điều hòa Midea AC120-18AR\" src=\"https://cdn.tgdd.vn/Products/Images/7498/218305/quat-dieu-hoa-midea-ac120-18ar-1-2.jpg\" /></a></p>\n\n<h3>Động cơ Inverter hoạt động &ecirc;m &aacute;i với kỹ thuật ống gi&oacute; xoắn ốc 120 kh&ocirc;ng g&acirc;y tiếng ồn đồng thời giảm tổn thất luồng kh&iacute; v&agrave; lực cản để l&agrave;m m&aacute;t tốt hơn&nbsp;</h3>\n\n<p><a href=\"https://cdn.tgdd.vn/Products/Images/7498/218305/quat-dieu-hoa-midea-ac120-18ar-11.jpg\" onclick=\"return false;\"><img alt=\"Động cơ êm ái - Quạt điều hòa Midea AC120-18AR\" src=\"https://cdn.tgdd.vn/Products/Images/7498/218305/quat-dieu-hoa-midea-ac120-18ar-11.jpg\" /></a></p>\n\n<h3>Quạt l&agrave;m m&aacute;t tốt hơn với tấm l&agrave;m m&aacute;t d&agrave;y hơn, r&uacute;t ngắn thời gian l&agrave;m m&aacute;t hơi nước, hiệu quả tạo ẩm r&otilde; rệt hơn</h3>\n\n<p><a href=\"https://cdn.tgdd.vn/Products/Images/7498/218305/quat-dieu-hoa-midea-ac120-18ar-6.jpg\" onclick=\"return false;\"><img alt=\"Làm mát nhanh hơn - Quạt điều hòa Midea AC120-18AR\" src=\"https://cdn.tgdd.vn/Products/Images/7498/218305/quat-dieu-hoa-midea-ac120-18ar-6.jpg\" /></a></p>\n\n<h3>Dung t&iacute;ch b&igrave;nh chứa 6.5 l&iacute;t&nbsp;nhỏ gọn, dễ d&agrave;ng ch&acirc;m nước, d&ugrave;ng li&ecirc;n tục trong 5 - 8 tiếng</h3>\n\n<p>Người d&ugrave;ng cần theo d&otilde;i để ch&acirc;m nước kịp thời nếu muốn d&ugrave;ng chế độ hơi nước li&ecirc;n tục trong ng&agrave;y.</p>\n\n<p>Ngo&agrave;i ra, để l&agrave;m m&aacute;t tốt hơn bằng chế độ hơi nước, người d&ugrave;ng c&oacute; thể sử dụng 2 hộp đ&aacute; kh&ocirc; đi k&egrave;m, bằng c&aacute;ch l&agrave;m lạnh ch&uacute;ng trong ngăn đ&ocirc;ng tủ lạnh v&agrave; cho v&agrave;o b&igrave;nh chứa nước. Đ&acirc;y l&agrave; loại đ&aacute; h&oacute;a học, c&oacute; thể t&aacute;i sử dụng.</p>\n\n<p>&nbsp;</p>\n\n<p><a href=\"https://cdn.tgdd.vn/Products/Images/7498/218305/quat-dieu-hoa-midea-ac120-18ar-7.jpg\" onclick=\"return false;\"><img alt=\"Dễ châm nước - Quạt điều hòa Midea AC120-18AR\" src=\"https://cdn.tgdd.vn/Products/Images/7498/218305/quat-dieu-hoa-midea-ac120-18ar-7.jpg\" /></a></p>\n\n<h3>Bảng điều khiển cảm ứng hiện đại, nhạy b&eacute;n, tiện dụng với 24 mức độ gi&oacute; t&ugrave;y chỉnh</h3>\n\n<p>Quạt với 4 chế độ gi&oacute;: Gi&oacute; tự nhi&ecirc;n, gi&oacute; thường, gi&oacute; ngủ, gi&oacute; th&ocirc;ng minh l&agrave;m m&aacute;t hiệu quả hơn,&nbsp;phục vụ ho&agrave;n hảo cho nhu cầu gia đ&igrave;nh.</p>\n\n<p><a href=\"https://cdn.tgdd.vn/Products/Images/7498/218305/quat-dieu-hoa-midea-ac120-18ar-4-1.jpg\" onclick=\"return false;\"><img alt=\"Tiện dụng - Quạt điều hòa Midea AC120-18AR\" src=\"https://cdn.tgdd.vn/Products/Images/7498/218305/quat-dieu-hoa-midea-ac120-18ar-4-1.jpg\" /></a></p>\n\n<h3>Quạt c&oacute;&nbsp;<a href=\"https://www.dienmayxanh.com/quat-dieu-hoa?g=hen-gio-tat\" target=\"_blank\">chế độ hẹn giờ tắt</a>&nbsp;l&ecirc;n đến 10 tiếng, hữu &iacute;ch khi d&ugrave;ng quạt v&agrave;o ban đ&ecirc;m, cho bạn giấc ngủ ngon xuy&ecirc;n suốt, an to&agrave;n, bảo vệ tốt hơn cho sức khỏe</h3>\n\n<p><a href=\"https://cdn.tgdd.vn/Products/Images/7498/218305/quat-dieu-hoa-midea-ac120-18ar-5-1.jpg\" onclick=\"return false;\"><img alt=\"Hẹn giờ đến 10 tiếng - Quạt điều hòa Midea AC120-18AR\" src=\"https://cdn.tgdd.vn/Products/Images/7498/218305/quat-dieu-hoa-midea-ac120-18ar-5-1.jpg\" /></a></p>\n\n<p>&nbsp;</p>\n\n<h3>Cảnh b&aacute;o khi hết nước, bảo vệ thiết bị lu&ocirc;n an to&agrave;n</h3>\n\n<p>Hoạt động bền tốt với chức năng tự ngắt bơm khi cạn nước, gi&uacute;p bảo vệ động cơ v&agrave; gia tăng t&iacute;nh an to&agrave;n khi sử dụng.</p>\n\n<p><a href=\"https://cdn.tgdd.vn/Products/Images/7498/218305/quat-dieu-hoa-midea-ac120-18ar-8.jpg\" onclick=\"return false;\"><img alt=\"Cảnh báo cạn nước - Quạt điều hòa Midea AC120-18AR\" src=\"https://cdn.tgdd.vn/Products/Images/7498/218305/quat-dieu-hoa-midea-ac120-18ar-8.jpg\" /></a></p>\n\n<h3>Th&ecirc;m an to&agrave;n cho gia đ&igrave;nh c&oacute; trẻ nhỏ với c&agrave;i đặt tự ngắt khi bị th&aacute;o tấm lắp ph&iacute;a sau</h3>\n\n<p><a href=\"https://cdn.tgdd.vn/Products/Images/7498/218305/quat-dieu-hoa-midea-ac120-18ar-9.jpg\" onclick=\"return false;\"><img alt=\"Ngắt an toàn - Quạt điều hòa Midea AC120-18AR\" src=\"https://cdn.tgdd.vn/Products/Images/7498/218305/quat-dieu-hoa-midea-ac120-18ar-9.jpg\" /></a></p>\n\n<h3>Điều khiển từ xa nhỏ gọn, tiện dụng</h3>\n\n<p>Điều khiển từ xa giống như một bảng điều khiển thu nhỏ với đầy đủ c&aacute;c chức năng, gi&uacute;p bạn tiết kiệm được thời gian bằng c&aacute;ch chỉ ngồi v&agrave; nhấn n&uacute;t từ remote, quạt sẽ ngay lập tức tiếp nhận.</p>\n\n<p><a href=\"https://cdn.tgdd.vn/Products/Images/7498/218305/quat-dieu-hoa-midea-ac120-18ar-21.jpg\" onclick=\"return false;\"><img alt=\"Remote - Quạt điều hòa Midea AC120-18AR\" src=\"https://cdn.tgdd.vn/Products/Images/7498/218305/quat-dieu-hoa-midea-ac120-18ar-21.jpg\" /></a></p>\n\n<h3>Thiết kế sang trọng, k&iacute;ch thước&nbsp;nhỏ gọn d&ugrave;ng đẹp cho ph&ograve;ng kh&aacute;ch, ph&ograve;ng ngủ gia đ&igrave;nh... th&ecirc;m n&eacute;t hiện đại cho kh&ocirc;ng gian kiến tr&uacute;c</h3>\n\n<p><a href=\"https://cdn.tgdd.vn/Products/Images/7498/218305/quat-dieu-hoa-midea-ac120-18ar-1-1.jpg\" onclick=\"return false;\"><img alt=\"Sang đẹp - Quạt điều hòa Midea AC120-18AR\" src=\"https://cdn.tgdd.vn/Products/Images/7498/218305/quat-dieu-hoa-midea-ac120-18ar-1-1.jpg\" /></a></p>\n\n<h3>B&aacute;nh xe ẩn tăng n&eacute;t sang trọng cho sản phẩm, dễ d&agrave;ng di chuyển, kh&ocirc;ng phải khi&ecirc;ng v&aacute;c</h3>\n\n<p><a href=\"https://cdn.tgdd.vn/Products/Images/7498/218305/quat-dieu-hoa-midea-ac120-18ar-10.jpg\" onclick=\"return false;\"><img alt=\"Dễ di chuyển - Quạt điều hòa Midea AC120-18AR\" src=\"https://cdn.tgdd.vn/Products/Images/7498/218305/quat-dieu-hoa-midea-ac120-18ar-10.jpg\" /></a></p>\n\n<p>Quạt điều h&ograve;a Midea AC120 - 18AR, ra mắt năm 2020, thương hiệu Midea - Trung Quốc, sản xuất tại Trung Quốc</p>\n\n<h3>Lưu &yacute; để&nbsp;sử dụng quạt điều h&ograve;a hiệu quả</h3>\n\n<p>- Quạt điều h&ograve;a chỉ c&oacute; khả năng l&agrave;m m&aacute;t kh&ocirc;ng kh&iacute;, kh&ocirc;ng c&oacute; khả năng l&agrave;m lạnh như điều h&ograve;a.</p>\n\n<p>- Để quạt ở g&oacute;c ph&ograve;ng sẽ gi&uacute;p hơi gi&oacute; được lan tỏa khắp gian ph&ograve;ng, mang đến luồng gi&oacute; tự nhi&ecirc;n tốt cho sức khỏe.</p>\n\n<p>- Đặt quạt c&aacute;ch tường tối thiểu 20 cm để quạt c&oacute; kh&ocirc;ng gian lấy gi&oacute;.</p>\n\n<p>- Vệ sinh quạt thường xuy&ecirc;n v&agrave; nước trong b&igrave;nh chứa l&agrave; nước sạch, tr&aacute;nh để vi khuẩn c&oacute; thể ph&aacute;t triển g&acirc;y m&ugrave;i h&ocirc;i, ảnh hưởng đến sức khỏe.</p>\n\n<p>-&nbsp;Sản phẩm n&agrave;y c&oacute; dung t&iacute;ch b&igrave;nh chứa nước tương đối nhỏ, n&ecirc;n&nbsp;cần thường xuy&ecirc;n kiểm tra lượng nước trong b&igrave;nh chứa th&ocirc;ng qua thang đo mực nước nếu muốn sử dụng chế độ l&agrave;m m&aacute;t bằng hơi nước trong thời gian d&agrave;i.</p>\n\n<p>- N&ecirc;n ch&acirc;m nước trước khi ghim d&acirc;y điện v&agrave;o nguồn điện. Nếu đang d&ugrave;ng quạt, n&ecirc;n tắt quạt v&agrave; r&uacute;t d&acirc;y điện nguồn trước khi ch&acirc;m nước, sau đ&oacute; khởi động v&agrave; d&ugrave;ng lại.</p>\n\n<p>- R&uacute;t d&acirc;y nguồn khi kh&ocirc;ng sử dụng quạt gi&uacute;p tiết kiệm điện tốt hơn.</p>\n\n<p>Quạt điều h&ograve;a Midea AC120 - 18AR, gia dụng gọn đẹp, sang trọng,&nbsp;hữu &iacute;ch cho mọi gia đ&igrave;nh.</p>\n', 'ACF', 'https://cdn.tgdd.vn/Products/Images/7498/218305/quat-dieu-hoa-midea-ac120-18ar-1-4-org.jpg', 'In stock'),
(90, 'Midea AC200-17JR . air conditioner fan', 300, '<h3>Tặng k&egrave;m 2&nbsp;<a href=\"#\" target=\"_blank\">cục đ&aacute; kh&ocirc;</a>&nbsp;gi&uacute;p m&aacute;y l&agrave;m m&aacute;t s&acirc;u hơn</h3>\n\n<p>Khi mua quạt sẽ c&oacute; th&ecirc;m 2 hộp đ&aacute; kh&ocirc;, đ&acirc;y l&agrave; 1 loại đ&aacute; h&oacute;a học, khi muốn l&agrave;m lạnh th&igrave; cho hộp đ&aacute; kh&ocirc; v&agrave;o ngăn đ&aacute; tủ lạnh (đ&aacute; n&agrave;y c&oacute; thể t&aacute;i sử dụng), sau đ&oacute; cho v&agrave;o b&igrave;nh chứa nước của quạt, đ&aacute; kh&ocirc; sẽ c&oacute; c&ocirc;ng dụng l&agrave;m lạnh nước gi&uacute;p hơi nước tỏa ra được m&aacute;t mẻ hơn.</p>\n\n<p>Trường hợp nh&agrave; bạn kh&ocirc;ng c&oacute; tủ lạnh để l&agrave;m đ&ocirc;ng đ&aacute; kh&ocirc;, bạn vẫn c&oacute; thể sử dụng quạt để l&agrave;m m&aacute;t một c&aacute;ch b&igrave;nh thường bằng nước.</p>\n\n<p><a href=\"https://cdn.tgdd.vn/Products/Images/1992/154853/quat-midea-ac200-17jr-7-1.jpg\" onclick=\"return false;\"><img alt=\"Máy làm mát không khí Midea AC200-17JR\" src=\"https://cdn.tgdd.vn/Products/Images/1992/154853/quat-midea-ac200-17jr-7-1.jpg\" /></a></p>\n\n<h3>C&ocirc;ng suất 200W v&agrave; lưu lượng gi&oacute; 310 m3/h, m&aacute;y tạo l&agrave;n gi&oacute; m&aacute;t l&agrave;m dịu kh&ocirc;ng kh&iacute;, phạm vi l&agrave;m m&aacute;t rộng từ 25 - 30m&sup2;</h3>\n\n<p>Động cơ d&acirc;y đồng bền bỉ.</p>\n\n<p><a href=\"https://cdn.tgdd.vn/Products/Images/7498/154853/quat-midea-ac200-17jr-5-2.jpg\" onclick=\"return false;\"><img alt=\"Công suất 200W - Máy làm mát không khí Midea AC200-17JR\" src=\"https://cdn.tgdd.vn/Products/Images/7498/154853/quat-midea-ac200-17jr-5-2.jpg\" /></a></p>\n\n<h3><a href=\"#\" target=\"_blank\">Quạt điều h&ograve;a&nbsp;Midea</a>&nbsp;AC200-17JR trang bị b&aacute;nh xe v&agrave; tay cầm. Cho ph&eacute;p bạn di chuyển m&aacute;y dễ d&agrave;ng đến mọi địa điểm trong nh&agrave;</h3>\n\n<p><a href=\"https://cdn.tgdd.vn/Products/Images/1992/154853/quat-midea-ac200-17jr-1-3.jpg\" onclick=\"return false;\"><img alt=\"Quạt điều hòa Midea AC200-17JR\" src=\"https://cdn.tgdd.vn/Products/Images/1992/154853/quat-midea-ac200-17jr-1-3.jpg\" /></a></p>\n\n<h3>Độ ồn dưới 65 dB tương đương tiếng văn ph&ograve;ng l&agrave;m việc, sảnh y&ecirc;n tĩnh của kh&aacute;ch sạn</h3>\n\n<p><a href=\"https://cdn.tgdd.vn/Products/Images/7498/154853/midea-ac200-17jr-033520-083502.jpg\" onclick=\"return false;\"><img alt=\"Độ ồn - Quạt điều hòa Midea AC200-17JR\" src=\"https://cdn.tgdd.vn/Products/Images/7498/154853/midea-ac200-17jr-033520-083502.jpg\" /></a></p>\n\n<h3>Dung t&iacute;ch b&igrave;nh chứa nước 50 l&iacute;t, c&oacute; cửa đổ nước ph&iacute;a dưới th&acirc;n m&aacute;y gi&uacute;p bạn ch&acirc;m nước tiện lợi</h3>\n\n<p>B&igrave;nh c&oacute; dung t&iacute;ch lớn cho ph&eacute;p m&aacute;y hoạt động li&ecirc;n tục trong nhiều giờ m&agrave; kh&ocirc;ng phải ch&acirc;m nước thường xuy&ecirc;n.</p>\n\n<p><a href=\"https://cdn.tgdd.vn/Products/Images/1992/154853/quat-midea-ac200-17jr-4-2.jpg\" onclick=\"return false;\"><img alt=\"Quạt điều hòa Midea AC200-17JR\" src=\"https://cdn.tgdd.vn/Products/Images/1992/154853/quat-midea-ac200-17jr-4-2.jpg\" /></a></p>\n\n<h3>Ph&iacute;a dưới th&acirc;n m&aacute;y c&oacute; thang đo hiển thị mực nước với c&aacute;c vạch mức chi tiết</h3>\n\n<p>Gi&uacute;p bạn theo d&otilde;i lượng nước c&oacute; trong b&igrave;nh chứa dễ d&agrave;ng, ch&acirc;m th&ecirc;m nước kịp thời khi nước cạn.</p>\n\n<p><a href=\"https://cdn.tgdd.vn/Products/Images/1992/154853/quat-midea-ac200-17jr-6-2.jpg\" onclick=\"return false;\"><img alt=\"Quạt điều hòa Midea AC200-17JR\" src=\"https://cdn.tgdd.vn/Products/Images/1992/154853/quat-midea-ac200-17jr-6-2.jpg\" /></a></p>\n\n<h3>Tiện lợi tối ưu với t&iacute;nh năng tự ngắt m&aacute;y bơm khi cạn nước</h3>\n\n<p>Như đ&atilde; n&oacute;i ở tr&ecirc;n, Midea AC200-17JR c&oacute; dung t&iacute;ch b&igrave;nh chứa lớn, l&ecirc;n đến 50 l&iacute;t, người d&ugrave;ng c&oacute; thể thoải m&aacute;i sử dụng trong thời gian d&agrave;i m&agrave; kh&ocirc;ng phải th&ecirc;m nước nhiều lần, v&igrave; vậy c&oacute; thể đ&ocirc;i khi người d&ugrave;ng sẽ qu&ecirc;n việc theo d&otilde;i v&agrave; th&ecirc;m nước cho m&aacute;y trong trường hợp nước đ&atilde; hết, điều n&agrave;y c&oacute; thể ảnh hưởng đến m&aacute;y bơm, tuổi thọ sản phẩm, n&ecirc;n h&atilde;ng đ&atilde; tinh tế trang bị th&ecirc;m cho m&aacute;y t&iacute;nh năng tự ngắt m&aacute;y bơm khi cạn nước, đảm bảo tiện lợi tối ưu.</p>\n\n<p>Xem th&ecirc;m:&nbsp;<a href=\"#\" target=\"_blank\">Những tiện &iacute;ch của quạt điều h&ograve;a phần 2</a></p>\n\n<p><a href=\"https://cdn.tgdd.vn/Products/Images/7498/154853/midea-ac200-17jr-1.jpg\" onclick=\"return false;\"><img alt=\"Tự ngắt máy bơm khi cạn nước - Quạt điều hòa Midea AC200-17JR\" src=\"https://cdn.tgdd.vn/Products/Images/7498/154853/midea-ac200-17jr-1.jpg\" /></a></p>\n\n<h3>Bảng điều khiển r&otilde; r&agrave;ng, c&oacute; chỉ dẫn dễ hiểu</h3>\n\n<p><a href=\"#\" target=\"_blank\">Quạt điều h&ograve;a</a>&nbsp;c&oacute; 3 tốc độ gi&oacute; từ nhẹ đến mạnh, chế độ đảo chiều gi&oacute;,&nbsp;<a href=\"#\" target=\"_blank\">hẹn giờ</a>&nbsp;l&ecirc;n đến 8 tiếng.</p>\n\n<p>Chức năng&nbsp;hẹn giờ tắt&nbsp;linh hoạt với nhiều mức thời gian hẹn kh&aacute;c nhau. Sau khi c&agrave;i đặt thời gian hẹn, m&aacute;y sẽ tự động chạy v&agrave; ngắt m&aacute;y khi tới giờ hẹn.</p>\n\n<p><a href=\"https://cdn.tgdd.vn/Products/Images/1992/154853/quat-midea-ac200-17jr-2-1.jpg\" onclick=\"return false;\"><img alt=\"Máy làm mát không khí Midea AC200-17JR\" src=\"https://cdn.tgdd.vn/Products/Images/1992/154853/quat-midea-ac200-17jr-2-1.jpg\" /></a></p>\n\n<h3><a href=\"#\" target=\"_blank\">Điều khiển từ xa</a>&nbsp;với c&aacute;c n&uacute;t chức năng r&otilde; r&agrave;ng, dễ thao t&aacute;c</h3>\n\n<p>Người d&ugrave;ng kh&ocirc;ng cần lại gần quạt vẫn t&ugrave;y chỉnh chức năng nhanh ch&oacute;ng, ch&iacute;nh x&aacute;c.</p>\n\n<p><a href=\"https://cdn.tgdd.vn/Products/Images/1992/154853/quat-midea-ac200-17jr-3-2.jpg\" onclick=\"return false;\"><img alt=\"Quạt điều hòa Midea AC200-17JR\" src=\"https://cdn.tgdd.vn/Products/Images/1992/154853/quat-midea-ac200-17jr-3-2.jpg\" /></a></p>\n\n<h3>Quạt ra mắt năm 2017,&nbsp;thương hiệu Midea, sản xuất tại Trung Quốc</h3>\n\n<h3>Lưu &yacute; để&nbsp;<a href=\"#\" target=\"_blank\">sử dụng quạt điều h&ograve;a hiệu quả</a>:</h3>\n\n<p>- Quạt điều h&ograve;a chỉ c&oacute; khả năng l&agrave;m m&aacute;t kh&ocirc;ng kh&iacute;, kh&ocirc;ng c&oacute; khả năng l&agrave;m lạnh như điều h&ograve;a.</p>\n\n<p>- Để quạt ở g&oacute;c ph&ograve;ng sẽ gi&uacute;p hơi gi&oacute; được lan tỏa khắp gian ph&ograve;ng, mang đến luồng gi&oacute; tự nhi&ecirc;n tốt cho sức khỏe.</p>\n\n<p>- Đặt quạt c&aacute;ch tường tối thiểu 20 cm để quạt c&oacute; kh&ocirc;ng gian lấy gi&oacute;.</p>\n\n<p>- Vệ sinh quạt thường xuy&ecirc;n v&agrave; nước trong b&igrave;nh chứa l&agrave; nước sạch, tr&aacute;nh để vi khuẩn c&oacute; thể ph&aacute;t triển g&acirc;y m&ugrave;i h&ocirc;i, ảnh hưởng đến sức khỏe.</p>\n\n<p>-&nbsp;Quạt c&oacute; k&egrave;m 2 hộp đ&aacute; kh&ocirc;, n&ecirc;n sử dụng k&egrave;m theo với chế độ COOLER để hiệu suất l&agrave;m m&aacute;t tốt nhất.</p>\n\n<p>- N&ecirc;n ch&acirc;m nước trước khi ghim d&acirc;y điện v&agrave;o nguồn điện. Nếu đang d&ugrave;ng quạt, n&ecirc;n tắt quạt v&agrave; r&uacute;t d&acirc;y điện nguồn trước khi ch&acirc;m nước, sau đ&oacute; khởi động v&agrave; d&ugrave;ng lại.</p>\n\n<p>- R&uacute;t d&acirc;y nguồn khi kh&ocirc;ng sử dụng quạt gi&uacute;p tiết kiệm điện hơn.</p>\n\n<p><a href=\"#\" target=\"_blank\">Quạt điều h&ograve;a Midea AC200-17JR</a>&nbsp;thiết kế chắc chắn, l&agrave;m m&aacute;t nhanh, th&iacute;ch hợp d&ugrave;ng trong c&ocirc;ng ty, gia đ&igrave;nh, nh&agrave; h&agrave;ng,...</p>\n', 'ACF', 'https://cdn.tgdd.vn/Products/Images/7498/154853/quat-midea-ac200-17jr-1-1-org.jpg', 'In stock'),
(91, 'Sunhouse SHD7727 air conditioner fan', 170, '<h3>L&agrave;m m&aacute;t với 2&nbsp;<a href=\"#\" target=\"_blank\">hộp đ&aacute; kh&ocirc;</a>&nbsp;tặng k&egrave;m&nbsp;gi&uacute;p quạt giải nhiệt hiệu quả hơn cho những ng&agrave;y nắng n&oacute;ng</h3>\n\n<p><a href=\"https://cdn.tgdd.vn/Products/Images/7498/199117/vi-vn-sunhouse-shd7727-kg--5.jpg\" onclick=\"return false;\"><img alt=\"Quạt điều hòa Sunhouse SHD7727 - Đá khô\" src=\"https://cdn.tgdd.vn/Products/Images/7498/199117/vi-vn-sunhouse-shd7727-kg--5.jpg\" /></a></p>\n\n<h3>Thiết kế hộp để đ&aacute; kh&ocirc; ri&ecirc;ng biệt tiện lợi, gi&uacute;p tăng khả năng l&agrave;m m&aacute;t nhanh ch&oacute;ng</h3>\n\n<h3><a href=\"https://cdn.tgdd.vn/Products/Images/1992/199117/quat-sunhouse-shd7727-kg-8.jpg\" onclick=\"return false;\"><img alt=\"Có hộp đá khô - Máy làm mát không khí Sunhouse SHD7727 KG\" src=\"https://cdn.tgdd.vn/Products/Images/1992/199117/quat-sunhouse-shd7727-kg-8.jpg\" /></a></h3>\n\n<h3>C&ocirc;ng suất 150W l&agrave;m m&aacute;t nhanh tr&ecirc;n&nbsp;diện t&iacute;ch ph&ograve;ng 25 - 30m2,&nbsp;th&iacute;ch hợp cho kh&ocirc;ng gian ph&ograve;ng kh&aacute;ch, ph&ograve;ng ăn, qu&aacute;n ăn,...</h3>\n\n<p>Động cơ ch&iacute;nh quấn bằng d&acirc;y đồng, động cơ bơm nước quấn bằng d&acirc;y nh&ocirc;m, hoạt động &ecirc;m &aacute;i, bền bỉ.</p>\n\n<p>&nbsp;</p>\n\n<p><a href=\"https://cdn.tgdd.vn/Products/Images/7498/199117/vi-vn-vi-vn-vi-vn-sunhouse-shd7727-kg--4-1.jpg\" onclick=\"return false;\"><img alt=\"Quạt điều hòa Sunhouse SHD7727 - Phạm vi làm mát\" src=\"https://cdn.tgdd.vn/Products/Images/7498/199117/vi-vn-vi-vn-vi-vn-sunhouse-shd7727-kg--4-1.jpg\" /></a></p>\n\n<h3>Quạt tiện di chuyển với 4 b&aacute;nh xe linh hoạt, 2 b&aacute;nh xe c&oacute; chốt kh&oacute;a cố định giữ quạt chắc chắn, tr&aacute;nh x&ecirc; dịch hay đổ ng&atilde;</h3>\n\n<p><a href=\"https://cdn.tgdd.vn/Products/Images/7498/199117/vi-vn-sunhouse-shd7727-kg--3.jpg\" onclick=\"return false;\"><img alt=\"Quạt điều hòa Sunhouse SHD7727 - Bánh xe\" src=\"https://cdn.tgdd.vn/Products/Images/7498/199117/vi-vn-sunhouse-shd7727-kg--3.jpg\" /></a></p>\n\n<h3>Độ ồn ở mức 65 dB tương đương &acirc;m thanh rạp phim c&aacute;ch &acirc;m hay văn ph&ograve;ng l&agrave;m việc, sảnh y&ecirc;n tĩnh của kh&aacute;ch sạn</h3>\n\n<p><a href=\"https://cdn.tgdd.vn/Products/Images/7498/199117/sunhouse-shd7727-kg1.jpg\" onclick=\"return false;\"><img alt=\"Độ ồn - Quạt điều hòa Sunhouse SHD7727\" src=\"https://cdn.tgdd.vn/Products/Images/7498/199117/sunhouse-shd7727-kg1.jpg\" /></a></p>\n\n<h3>Chức năng tạo ion &acirc;m gi&uacute;p thanh lọc kh&ocirc;ng kh&iacute; mang lại kh&ocirc;ng gian trong l&agrave;nh v&agrave; tươi mới</h3>\n\n<p><a href=\"https://cdn.tgdd.vn/Products/Images/7498/199117/vi-vn-sunhouse-shd7727-kg--8.jpg\" onclick=\"return false;\"><img alt=\"Quạt điều hòa Sunhouse SHD7727 - Ion âm\" src=\"https://cdn.tgdd.vn/Products/Images/7498/199117/vi-vn-sunhouse-shd7727-kg--8.jpg\" /></a></p>\n\n<h3>Quạt&nbsp;l&agrave;m m&aacute;t kh&ocirc;ng kh&iacute; bằng hơi nước với dung t&iacute;ch b&igrave;nh chứa nước lớn tới 40 l&iacute;t</h3>\n\n<p>B&igrave;nh chứa nước c&oacute; thang đo hiển thị mực nước, hỗ trợ theo d&otilde;i nước trong b&igrave;nh, tiện lợi khi cần ch&acirc;m th&ecirc;m nước. Trang bị t&iacute;nh năng tự ngắt bơm khi cạn nước. C&oacute; van xả cặn khoang chứa nước, gi&uacute;p thuận tiện khi vệ sinh b&igrave;nh.</p>\n\n<p><a href=\"https://cdn.tgdd.vn/Products/Images/7498/199117/vi-vn-sunhouse-shd7727-kg--6.jpg\" onclick=\"return false;\"><img alt=\"Quạt điều hòa Sunhouse SHD7727 - Dung tích bình chứa\" src=\"https://cdn.tgdd.vn/Products/Images/7498/199117/vi-vn-sunhouse-shd7727-kg--6.jpg\" /></a></p>\n\n<h3>Bảng điều khiển cảm ứng c&oacute; đ&egrave;n hiển thị dễ hiểu, dễ d&ugrave;ng, c&oacute; cảm biến nhiệt độ ph&ograve;ng</h3>\n\n<p>Quạt c&oacute; 3 tốc độ gi&oacute; t&ugrave;y chỉnh v&agrave; 3 chế độ gi&oacute; lựa chọn:&nbsp;gi&oacute; thường,&nbsp;gi&oacute; tự nhi&ecirc;n,&nbsp;gi&oacute; ngủ. Chế độ gi&oacute; ngủ vận h&agrave;nh giống với chế độ gi&oacute; tự nhi&ecirc;n nhưng &ecirc;m hơn, kh&oacute; nhận thấy được.&nbsp;</p>\n\n<p>Người d&ugrave;ng sử dụng chế độ&nbsp;<a href=\"#\" target=\"_blank\">hẹn giờ tắt</a>&nbsp;để bảo vệ động cơ quạt v&agrave; nhất l&agrave; bảo vệ sức khỏe khi d&ugrave;ng quạt v&agrave;o ban đ&ecirc;m, thời gian hẹn giờ tối đa l&ecirc;n đến 12 tiếng.</p>\n\n<p>Xem th&ecirc;m:&nbsp;<a href=\"#\" target=\"_blank\">C&aacute;ch sử dụng quạt điều h&ograve;a</a>.</p>\n\n<p><a href=\"https://cdn.tgdd.vn/Products/Images/7498/199117/vi-vn-sunhouse-shd7727-kg--2.jpg\" onclick=\"return false;\"><img alt=\"Quạt điều hòa Sunhouse SHD7727 - Bảng điều khiển\" src=\"https://cdn.tgdd.vn/Products/Images/7498/199117/vi-vn-sunhouse-shd7727-kg--2.jpg\" /></a></p>\n\n<h3>Quạt k&egrave;m th&ecirc;m&nbsp;<a href=\"#\" target=\"_blank\">điều khiển từ xa</a>&nbsp;thật tiện &iacute;ch cho việc sử dụng</h3>\n\n<p>Remote sử dụng pin tiểu, tiện thay thế khi hết pin.</p>\n\n<p><a href=\"https://cdn.tgdd.vn/Products/Images/1992/199117/quat-sunhouse-shd7727-kg-7.jpg\" onclick=\"return false;\"><img alt=\"Có điều khiển từ xa - Máy làm mát không khí Sunhouse SHD7727 KG\" src=\"https://cdn.tgdd.vn/Products/Images/1992/199117/quat-sunhouse-shd7727-kg-7.jpg\" /></a></p>\n\n<h3>Lưu &yacute; để&nbsp;<a href=\"#\" target=\"_blank\">sử dụng quạt điều h&ograve;a hiệu quả</a>:</h3>\n\n<p>- Quạt điều h&ograve;a chỉ c&oacute; khả năng l&agrave;m m&aacute;t kh&ocirc;ng kh&iacute;, kh&ocirc;ng c&oacute; khả năng l&agrave;m lạnh như điều h&ograve;a.</p>\n\n<p>- Để quạt ở g&oacute;c ph&ograve;ng sẽ gi&uacute;p hơi gi&oacute; được lan tỏa khắp gian ph&ograve;ng, mang đến luồng gi&oacute; tự nhi&ecirc;n tốt cho sức khỏe.</p>\n\n<p>- Đặt quạt c&aacute;ch tường tối thiểu 20 cm để quạt c&oacute; kh&ocirc;ng gian lấy gi&oacute;.</p>\n\n<p>- Vệ sinh quạt thường xuy&ecirc;n v&agrave; nước trong b&igrave;nh chứa l&agrave; nước sạch, tr&aacute;nh để vi khuẩn c&oacute; thể ph&aacute;t triển g&acirc;y m&ugrave;i h&ocirc;i, ảnh hưởng đến sức khỏe.</p>\n\n<p>-&nbsp; Quạt điều h&ograve;a&nbsp;Sunhouse SHD7727 c&oacute; kh&oacute;a b&aacute;nh xe, v&igrave; vậy nếu nền trơn trượt n&ecirc;n kh&oacute;a lại để giữ cố định quạt.</p>\n\n<p>- N&ecirc;n ch&acirc;m nước trước khi ghim d&acirc;y điện v&agrave;o nguồn điện. Nếu đang d&ugrave;ng quạt, n&ecirc;n tắt quạt v&agrave; r&uacute;t d&acirc;y điện nguồn trước khi ch&acirc;m nước, sau đ&oacute; khởi động v&agrave; d&ugrave;ng lại.</p>\n\n<p>- R&uacute;t d&acirc;y nguồn khi kh&ocirc;ng sử dụng quạt gi&uacute;p tiết kiệm điện hơn.</p>\n\n<p><a href=\"#\" target=\"_blank\">Quạt điều h&ograve;a Sunhouse SHD7727</a>&nbsp;sản phẩm giải nhiệt hiệu quả cho gia đ&igrave;nh trong m&ugrave;a nắng n&oacute;ng.</p>\n', 'ACF', 'https://cdn.tgdd.vn/Products/Images/7498/199117/sunhouse-shd7727-kg-1-org.jpg', 'In stock'),
(92, 'Delites air conditioner fan FLS-L20KG', 150, '<h3><a href=\"#\" target=\"_blank\">Quạt điều h&ograve;a Delites&nbsp;</a>FLS-L20KG với c&ocirc;ng suất 160 W c&oacute; khả năng tạo gi&oacute; lớn</h3>\n\n<p>Phạm vi l&agrave;m m&aacute;t rộng 30 - 35 m2, th&iacute;ch hợp với c&aacute;c ph&ograve;ng lớn trong gia đ&igrave;nh v&agrave; cả văn ph&ograve;ng l&agrave;m việc.</p>\n\n<p>Động cơ đồng hoạt động &ecirc;m &aacute;i, bền bỉ.</p>\n\n<p><a href=\"https://cdn.tgdd.vn/Products/Images/7498/220498/quat-dieu-hoa-delites-fls-l20kg-290820-040838.jpg\" onclick=\"return false;\"><img alt=\"Công suất 160W - Quạt điều hòa Delites FLS-L20KG\" src=\"https://cdn.tgdd.vn/Products/Images/7498/220498/quat-dieu-hoa-delites-fls-l20kg-290820-040838.jpg\" /></a></p>\n\n<h3>Độ ồn &le; 65 dB tương đương tiếng văn ph&ograve;ng l&agrave;m việc</h3>\n\n<p><a href=\"https://cdn.tgdd.vn/Products/Images/7498/220498/doon.jpg\" onclick=\"return false;\"><img alt=\"Độ ồn bé hơn 65 dB -Quạt điều hòa Delites FLS-L20KG\" src=\"https://cdn.tgdd.vn/Products/Images/7498/220498/doon.jpg\" /></a></p>\n\n<h3><a href=\"#\" target=\"_blank\">Quạt điều h&ograve;a</a>&nbsp;tạo hơi nước l&agrave;m m&aacute;t kh&ocirc;ng kh&iacute; với dung t&iacute;ch b&igrave;nh chứa nước 11 l&iacute;t, cho thời gian sử dụng d&agrave;i khoảng 5 - 6 tiếng, kh&ocirc;ng cần ch&acirc;m nước li&ecirc;n tục</h3>\n\n<p><a href=\"https://cdn.tgdd.vn/Products/Images/7498/220498/quat-dieu-hoa-delites-fls-l20kg-224220-044225.jpg\" onclick=\"return false;\"><img alt=\"Quạt điều hòa Delites FLS-L20KG - Bình chứa dung tích lớn\" src=\"https://cdn.tgdd.vn/Products/Images/7498/220498/quat-dieu-hoa-delites-fls-l20kg-224220-044225.jpg\" /></a></p>\n\n<h3>Bảng điều khiển cảm ứng hiện đại với đa dạng c&aacute;c chế độ cho bạn lựa chọn t&ugrave;y sở th&iacute;ch v&agrave; nhu cầu sử dụng</h3>\n\n<p>T&ugrave;y chỉnh 4 mức độ gi&oacute; từ thấp đến cao.</p>\n\n<p>3 chế độ gi&oacute; thường, gi&oacute; tự nhi&ecirc;n, gi&oacute; ngủ gi&uacute;p bạn linh hoạt hơn khi sử dụng quạt ở c&aacute;c&nbsp; ho&agrave;n cảnh kh&aacute;c nhau.</p>\n\n<p>Chế độ hẹn giờ tới 12 giờ v&agrave; tự ngắt bơm khi cạn nước cho người d&ugrave;ng chủ động thời gian sử dụng quạt đồng thời duy tr&igrave; độ bền của động cơ, an to&agrave;n khi sử dụng.</p>\n\n<p>Xem th&ecirc;m:&nbsp;<a href=\"#\" target=\"_blank\">C&aacute;ch sử dụng quạt điều h&ograve;a</a></p>\n\n<p><a href=\"https://cdn.tgdd.vn/Products/Images/7498/220498/quat-dieu-hoa-delites-fls-l20kg-285620-085626.jpg\" onclick=\"return false;\"><img alt=\"Quạt điều hòa Delites FLS-L20KG - Bảng điều khiển\" src=\"https://cdn.tgdd.vn/Products/Images/7498/220498/quat-dieu-hoa-delites-fls-l20kg-285620-085626.jpg\" /></a></p>\n\n<h3>Hệ thống l&agrave;m m&aacute;t an to&agrave;n, mang lại kh&ocirc;ng kh&iacute; sạch</h3>\n\n<p>Tấm l&agrave;m m&aacute;t l&agrave; một bộ phận quan trọng bậc nhất của quạt điều h&ograve;a. Gỗ lại được xem l&agrave; chất liệu tốt nhất mang đến khả năng l&agrave;m m&aacute;t cao, hiệu quả nhờ v&agrave;o cấu tạo c&oacute; t&iacute;nh chất giữ nước v&agrave; tốc độ lan toả nước nhanh. Tuy nhi&ecirc;n, do gỗ kh&ocirc;ng được dẻo như những chất liệu kh&aacute;c n&ecirc;n cần vệ sinh cẩn thận hơn, tr&aacute;nh mạnh tay l&agrave;m m&oacute;p m&eacute;o h&igrave;nh dạng ban đầu của tấm l&agrave;m m&aacute;t.</p>\n\n<p><a href=\"https://cdn.tgdd.vn/Products/Images/7498/220498/quat-dieu-hoa-delites-fls-l20kg-224520-044543.jpg\" onclick=\"return false;\"><img alt=\"Quạt điều hòa Delites FLS-L20KG - Tấm làm mát\" src=\"https://cdn.tgdd.vn/Products/Images/7498/220498/quat-dieu-hoa-delites-fls-l20kg-224520-044543.jpg\" /></a></p>\n\n<h3>Sản phẩm c&oacute; khả năng tạo ion &acirc;m lọc bụi v&agrave; m&ugrave;i</h3>\n\n<p>Ion &acirc;m kh&ocirc;ng chỉ gi&uacute;p khử m&ugrave;i h&ocirc;i, kh&oacute;i thuốc v&agrave; c&aacute;c vi khuẩn c&oacute; hại m&agrave; c&ograve;n gi&uacute;p giảm stress, gi&uacute;p bạn ngủ ngon hơn.</p>\n\n<p><a href=\"https://cdn.tgdd.vn/Products/Images/7498/220498/quat-dieu-hoa-delites-fls-l20kg-224620-044625.jpg\" onclick=\"return false;\"><img alt=\"Quạt điều hòa Delites FLS-L20KG - Chức năng tạo ion\" src=\"https://cdn.tgdd.vn/Products/Images/7498/220498/quat-dieu-hoa-delites-fls-l20kg-224620-044625.jpg\" /></a></p>\n\n<h3>Quạt điều h&ograve;a tặng k&egrave;m 2 vi&ecirc;n đ&aacute; kh&ocirc;, giảm nhiệt độ hiệu quả gi&uacute;p quạt tạo ra l&agrave;n kh&ocirc;ng kh&iacute; m&aacute;t lạnh hơn nhiều so với b&igrave;nh thường</h3>\n\n<p><a href=\"https://cdn.tgdd.vn/Products/Images/7498/220498/quat-dieu-hoa-delites-fls-l20kg-224720-044714.jpg\" onclick=\"return false;\"><img alt=\"Quạt điều hòa Delites FLS-L20KG - Đá khô làm tăng khả năng làm mát\" src=\"https://cdn.tgdd.vn/Products/Images/7498/220498/quat-dieu-hoa-delites-fls-l20kg-224720-044714.jpg\" /></a></p>\n\n<p>Xem th&ecirc;m:&nbsp;<a href=\"#\" target=\"_blank\">Đ&aacute; kh&ocirc; l&agrave; g&igrave;?</a></p>\n\n<p>Khi sử dụng li&ecirc;n tục ch&uacute;ng ta c&oacute; thể qu&ecirc;n ch&acirc;m nước, chế độ tự ngắt bơm khi cạn nước sẽ gi&uacute;p người d&ugrave;ng y&ecirc;n t&acirc;m hơn.</p>\n\n<p><strong>Lưu &yacute; để sử dụng quạt điều h&ograve;a hiệu quả:</strong></p>\n\n<p>- Quạt điều h&ograve;a chỉ c&oacute; khả năng l&agrave;m m&aacute;t kh&ocirc;ng kh&iacute;, kh&ocirc;ng c&oacute; khả năng l&agrave;m lạnh như điều h&ograve;a.</p>\n\n<p>- Để quạt ở g&oacute;c ph&ograve;ng sẽ gi&uacute;p hơi gi&oacute; được lan tỏa khắp gian ph&ograve;ng, mang đến luồng gi&oacute; tự nhi&ecirc;n tốt cho sức khỏe.</p>\n\n<p>- Đặt quạt c&aacute;ch tường tối thiểu 20 cm để quạt c&oacute; kh&ocirc;ng gian lấy gi&oacute;.</p>\n\n<p>- Vệ sinh quạt thường xuy&ecirc;n v&agrave; nước trong b&igrave;nh chứa l&agrave; nước sạch, tr&aacute;nh để vi khuẩn c&oacute; thể ph&aacute;t triển g&acirc;y m&ugrave;i h&ocirc;i, ảnh hưởng đến sức khỏe.</p>\n\n<p>- N&ecirc;n ch&acirc;m nước trước khi ghim d&acirc;y điện v&agrave;o nguồn điện. Nếu đang d&ugrave;ng quạt, n&ecirc;n tắt quạt v&agrave; r&uacute;t d&acirc;y điện nguồn trước khi ch&acirc;m nước, sau đ&oacute; khởi động v&agrave; d&ugrave;ng lại.</p>\n\n<p>- Quạt c&oacute; dung nước b&igrave;nh chứa nhỏ, nếu muốn sử dụng chế độ l&agrave;m m&aacute;t hơi nước trong thời gian d&agrave;i th&igrave; n&ecirc;n th&ecirc;m nước nếu c&oacute; cảnh b&aacute;o nước thấp.</p>\n\n<p>- R&uacute;t d&acirc;y nguồn khi kh&ocirc;ng sử dụng quạt gi&uacute;p tiết kiệm điện hơn.</p>\n\n<p><a href=\"#\" target=\"_blank\">Quạt điều h&ograve;a Delites FLS-L20KG&nbsp;</a>với lớp vỏ trắng trang nh&atilde; ph&ugrave; hợp với mọi kh&ocirc;ng gian sử dụng, khả năng l&agrave;m m&aacute;t vượt trội, xứng đ&aacute;ng l&agrave; sự lựa chọn h&agrave;ng đầu cho mọi gia đ&igrave;nh.</p>\n', 'ACF', 'https://cdn.tgdd.vn/Products/Images/7498/220498/quat-dieu-hoa-delites-fls-l20kg-1-org.jpg', 'In stock');
INSERT INTO `product` (`id`, `productName`, `cost`, `description`, `category`, `image`, `status`) VALUES
(93, 'Vinawind QT-1500X ceiling fan with 5 unified electromechanical blades, remote control', 150, '<p><strong>Quạt trần Vinawind QT-1500X 5 c&aacute;nh</strong>&nbsp;với thiết kế sang trọng, hiện đại c&ugrave;ng động cơ hoạt động mạnh mẽ mang lại cho gia đ&igrave;nh bạn những luồng gi&oacute; mới tươi m&aacute;t v&agrave; thư gi&atilde;n. C&aacute;nh quạt được l&agrave;m từ chất liệu nh&ocirc;m m&agrave;u sắc x&aacute;m trang nh&atilde;,sải c&aacute;nh 1,5m l&agrave;m m&aacute;t tr&ecirc;n diện rộng, hoạt động hiệu quả.</p>\n\n<p><img src=\"https://bizweb.dktcdn.net/100/391/529/files/20002302-quat-tran-dien-co-thong-nhat-vinawind-qt1500x-anh-co-dieu-khien.png?v=1597484528867\" /></p>\n\n<p><em>Thiết kế v&ocirc; c&ugrave;ng hiện đại sang trọng tạo luồng gi&oacute; m&aacute;t mẻ cho cả gia đ&igrave;nh bạn</em></p>\n\n<p><strong>Quạt trần Vinawind QT-1500X 5 c&aacute;nh</strong>&nbsp;trang bị<strong>&nbsp;</strong>điều khiển từ xa c&ugrave;ng 5 cấp độ gi&oacute; kh&aacute;c nhau, t&ugrave;y chỉnh theo nhu cầu sử dụng. Đồng thời, quạt c&oacute; trang bị d&acirc;y an to&agrave;n bảo vệ kết cấu quạt chắc chắn, tiết kiệm điện năng.<br />\nB&ecirc;n cạnh đ&oacute;,&nbsp;<strong>Quạt trần Vinawind QT-1500X 5 c&aacute;nh</strong>&nbsp;vận h&agrave;nh &ecirc;m &aacute;i, &iacute;t tiếng ồn, th&iacute;ch hợp d&ugrave;ng cả v&agrave;o những buổi đ&ecirc;m m&agrave; kh&ocirc;ng lo giấc ngủ của c&aacute;c th&agrave;nh vi&ecirc;n trong gia đ&igrave;nh bị ảnh hưởng. Sử dụng ph&ugrave; hợp cho c&aacute;c hộ gia đ&igrave;nh trang tr&iacute; ph&ograve;ng kh&aacute;ch, ph&ograve;ng ăn...</p>\n\n<p>&nbsp;</p>\n\n<p><img src=\"https://bizweb.dktcdn.net/100/391/529/files/20002302-quat-tran-dien-co-thong-nhat-vinawind-qt1500x-anh-tru.png?v=1597484489174\" /></p>\n\n<p><em>Quạt được trang bị t&iacute;nh năng an to&agrave;n&nbsp;v&agrave; vận h&agrave;nh &ecirc;m &aacute;i, tiết kiệm điện năng&nbsp;</em></p>\n\n<p>&nbsp;</p>\n\n<h2><strong>Quạt trần Vinawind QT-1500X 5 c&aacute;nh</strong></h2>\n\n<p>&nbsp;</p>\n\n<ul>\n	<li>Thiết kế thời trang, tinh tế, hiện đại</li>\n	<li>Sải c&aacute;nh rộng 1500mm tạo luồng gi&oacute; tự nhi&ecirc;n, mang lại cảm gi&aacute;c thoải m&aacute;i cho người d&ugrave;ng.</li>\n	<li>5 tốc độ gi&oacute; gi&uacute;p người d&ugrave;ng c&oacute; thể điều chỉnh theo &yacute; muốn</li>\n	<li>C&oacute; điều khiến từ xa sử dụng tiện lợi</li>\n	<li>An to&agrave;n với mọi th&agrave;nh vi&ecirc;n trong gia đ&igrave;nh bởi hệ thống bảo vệ động cơ chắc chắn.</li>\n	<li>C&aacute;nh quạt được phủ lớp sơn đặc biệt chống rỉ mang lại gi&aacute; trị sử dụng l&acirc;u d&agrave;i</li>\n</ul>\n', 'CF', 'https://bizweb.dktcdn.net/100/391/529/products/sp5.jpg?v=1613011805790', 'In stock'),
(94, 'Vinawind QT-1400N ceiling fan with aluminum blades, Blue', 70, '<p>Quạt trần Vinawind QT-1400N&nbsp;l&agrave; sản phẩm b&igrave;nh d&acirc;n đến từ thương hiệu<a href=\"https://winline.vn/quat-tran-dien-co-thong-nhat-vinawind\">&nbsp;</a>quạt trần Vinawind.&nbsp;D&ograve;ng quạt trần điện cơ thống nhất&nbsp;được thiết kế với&nbsp;kiểu&nbsp;d&aacute;ng sang trọng, m&agrave;u xanh ngọc,&nbsp;c&aacute;nh quạt chắc chắn, động cơ hoạt động mạnh mẽ, tạo được luồng gi&oacute; rộng trong kh&ocirc;ng gian lớn. Đ&acirc;y l&agrave; loại&nbsp;quạt trần&nbsp;được sử dụng rộng r&atilde;i kh&ocirc;ng chỉ trong c&aacute;c hộ gia đ&igrave;nh m&agrave; c&ograve;n th&iacute;ch hợp lắp đặt ở những địa điểm lớn những trường học, qu&aacute;n ăn...</p>\n\n<p><img alt=\"Quạt trần Vinawind QT-1400N\" src=\"//bizweb.dktcdn.net/100/391/557/files/4ce621d8-23a4-4091-8842-bcc5a5177aeb-75acc774-698e-4303-83ff-963c654bf442.jpg?v=1603851894250\" /></p>\n\n<p>Quạt trần Vinawind QT-1400N</p>\n\n<p>- Kiểu d&aacute;ng đơn giản, hiện đại:&nbsp;quạt trần Vinawind QT-1400N được thiết kế đẹp mắt với sắc xanh ngọc&nbsp;h&agrave;i h&ograve;a với mọi kh&ocirc;ng gian sống từ c&aacute;c hộ d&acirc;n đến&nbsp;văn ph&ograve;ng, trường học, cơ quan.&nbsp;</p>\n\n<p><img alt=\"quạt trần Vinawind QT-1400N được thiết kế đẹp mắt với sắc xanh ngọc hài hòa\" src=\"//bizweb.dktcdn.net/100/391/557/files/99e1d14d-6b41-4b02-8f24-9d205edcbb66.jpg?v=1603851909683\" /></p>\n\n<p>Quạt trần Vinawind QT-1400N được thiết kế đẹp mắt với sắc xanh ngọc&nbsp;h&agrave;i h&ograve;a</p>\n\n<p>- Chất liệu:&nbsp;quạt trần Vinawind QT-1400N c&oacute; c&aacute;nh quạt được l&agrave;m bằng chất liệu nh&ocirc;m rất bền v&agrave; nhẹ, thiết kế đơn giản với m&agrave;u xanh ngọc m&aacute;t dịu h&agrave;i h&ograve;a. Để tăng độ bền, quạt c&ograve;n được phủ 1 lớp sơn giữ m&agrave;u, hạn chế s&eacute;t&nbsp;rỉ.&nbsp;Quạt trần Vinawind&nbsp;QT-1400N&nbsp;c&oacute;&nbsp;gi&aacute; th&agrave;nh b&igrave;nh d&acirc;n, chất lượng tốt l&agrave; sự lựa chọn th&iacute;ch hợp&nbsp;để &quot;đổi gi&oacute;&quot; trong m&ugrave;a h&egrave; n&agrave;y.</p>\n\n<p><img alt=\"Quạt trần Vinawind QT-1400N có cánh quạt được làm bằng chất liệu nhôm rất bền và nhẹ\" src=\"//bizweb.dktcdn.net/100/391/557/files/196a0356-56ef-42ba-b047-74ae44b38ec5-4c6c2327-5efc-42d5-8758-cb838e64f2c2.jpg?v=1603851933839\" /></p>\n\n<p>Quạt trần Vinawind QT-1400N c&oacute; c&aacute;nh quạt được l&agrave;m bằng chất liệu nh&ocirc;m rất bền v&agrave; nhẹ</p>\n\n<p>- Hộp số: D&ograve;ng quạt n&agrave;y của&nbsp;quạt trần Vinawind&nbsp;sử dụng hộp số, tiện lợi&nbsp;cho người d&ugrave;ng.&nbsp;Hộp số được thiết kế đơn giản thể hiện cấp độ gi&oacute; từ 1 đến 5. Người d&ugrave;ng c&oacute; thể dễ d&agrave;ng điều chỉnh ph&ugrave; hợp với nhu cầu sử dụng của m&igrave;nh.</p>\n\n<p><img alt=\"Quạt trần Vinawind QT-1400N có hộp số dễ sử dụng\" src=\"//bizweb.dktcdn.net/100/391/557/files/8e55b426-5901-44ba-a439-9147451ad330.jpg?v=1603851949279\" /></p>\n\n<p>Quạt trần Vinawind QT-1400N c&oacute; hộp số dễ sử dụng</p>\n\n<p>- C&ocirc;ng suất mạnh:&nbsp;Với thiết kế c&aacute;nh quạt d&agrave;i 1.4m, c&ocirc;ng suất hoạt động 75W, quạt trần Vinawind QT-1400N cung cấp khả năng quạt m&aacute;t mạnh mẽ, v&ugrave;ng phủ gi&oacute; rộng r&atilde;i, th&iacute;ch hợp để lắp đặt ở những gian ph&ograve;ng c&oacute; diện t&iacute;ch lớn. Ngo&agrave;i ra, c&aacute;nh quạt c&ograve;n được gia cố chắc chắn, nhằm mang lại hiệu quả hoạt động cao v&agrave; giảm thiểu t&igrave;nh trạng hư hỏng trong suốt qu&aacute; tr&igrave;nh sử dụng.</p>\n\n<p><img alt=\"Quạt trần Vinawind QT-1400N cung cấp khả năng quạt mát mạnh mẽ\" src=\"//bizweb.dktcdn.net/100/391/557/files/92758252-dbc4-4427-9a6d-75ebd80f955a.jpg?v=1603851970565\" /></p>\n\n<p>Quạt trần Vinawind QT-1400N cung cấp khả năng quạt m&aacute;t mạnh mẽ</p>\n\n<p>-Vận h&agrave;nh &ecirc;m &aacute;i:&nbsp;quạt trần&nbsp;Vinawind QT-1400N&nbsp;vận h&agrave;nh &ecirc;m &aacute;i, &iacute;t tiếng ồn, th&iacute;ch hợp d&ugrave;ng cả v&agrave;o những buổi đ&ecirc;m m&agrave; kh&ocirc;ng lo giấc ngủ của c&aacute;c th&agrave;nh vi&ecirc;n trong gia đ&igrave;nh bị ảnh hưởng.</p>\n\n<p>&nbsp;</p>\n\n<p>C&Ocirc;NG TY TNHH WINLINE VIỆT NAM - B&Aacute;N H&Agrave;NG V&Agrave; THU TIỀN TO&Agrave;N QUỐC</p>\n\n<p>Hơn 20 năm Chuy&ecirc;n cung cấp quạt điện c&ocirc;ng tr&igrave;nh nh&agrave; thầu uy t&iacute;n</p>\n\n<p>Chuy&ecirc;n b&aacute;n sỉ b&aacute;n lẻ&nbsp;Quạt điện,&nbsp;Quạt trần,&nbsp;Quạt trần trang tr&iacute;,&nbsp;quạt c&ocirc;ng nghiệp,&nbsp;quạt th&ocirc;ng gi&oacute;,&nbsp;quạt ly t&acirc;m h&uacute;t kh&oacute;i,&nbsp;m&aacute;y l&agrave;m m&aacute;t,&nbsp;tấm cooling pad l&agrave;m m&aacute;t nh&agrave; xưởng,&nbsp;quạt h&uacute;t c&ocirc;ng nghiệp,&nbsp;quạt th&ocirc;ng gi&oacute; c&ocirc;ng nghiệp</p>\n\n<p>Hỗ trợ chuy&ecirc;n nghiệp, nhanh, chu đ&aacute;o: B&aacute;o gi&aacute;, Hợp đồng, Catalog, Bản vẽ, Giấy chứng nhận CO, CQ, chứng nhận xuất xưởng, Kiểm tra chất lượng Quatest, Giấy hợp quy, Phiếu bảo h&agrave;nh, Bi&ecirc;n bản b&agrave;n giao, H&oacute;a đơn VAT</p>\n', 'CF', 'https://bizweb.dktcdn.net/100/391/529/products/quattranvinawindqt1400xcanhnho-703b95cd-6247-47e4-9c9f-df3ec938b32b.jpg?v=1641822647930', 'In stock'),
(95, 'Vinawind QTT-300ED wall fan - Wingspan 30cm, capacity 30W', 25, '<p>Quạt treo tường Vinawind QTT-300EĐ</p>\n\n<p><strong>Quạt treo tường Vinawind QTT-300EĐ</strong>&nbsp;điều khiển cơ, 2 d&acirc;y giật.&nbsp;<strong>Quạt treo tường Vinawind</strong>&nbsp;sải c&aacute;nh 300mm, c&ocirc;ng suất 30W, thiết kế&nbsp;treo tường gi&uacute;p&nbsp;tiết kiệm kh&ocirc;ng gian.</p>\n\n<p><img alt=\"Quạt treo tường Vinawind QTT-300EĐ điều khiển cơ\" src=\"https://bizweb.dktcdn.net/100/391/557/files/quat-treo-tuong-vinawind-qtt-300ed.jpg?v=1609317976032\" /></p>\n\n<p><em>Quạt treo tường Vinawind QTT-300EĐ điều khiển cơ</em></p>\n\n<p><strong>Quạt treo tường Vinawind QTT-300EĐ&nbsp;</strong>thuộc nh&oacute;m quạt nhỏ sải c&aacute;nh 300mm, c&ocirc;ng suất 30W lưu lượng nhỏ, ph&ugrave; hợp kh&ocirc;ng gian hẹp, ph&ograve;ng c&aacute;c nh&acirc;n, bếp ăn gia đ&igrave;nh, ph&ograve;ng trọ...</p>\n\n<p>Lồng c&aacute;nh v&agrave; th&acirc;n&nbsp;<strong>quạt treo tường&nbsp;điện cơ Thống Nhất</strong>&nbsp;l&agrave;m&nbsp;bằng nhựa, 3 cấp độ gi&oacute;, sử dụng 2 d&acirc;y giật điều khiển tốc độ, tắt bật v&agrave; tu&yacute;p năng quay tr&aacute;i phải.</p>\n\n<p><img alt=\"Quạt treo tường Vinawind QTT-300EĐ vận hành bền bỉ\" src=\"https://bizweb.dktcdn.net/100/391/557/products/quat-treo-tuong-dien-co-thong-nhat-qtt300-ed-2-1.jpg?v=1611308357090\" /></p>\n\n<p><em>Quạt treo tường Vinawind QTT-300EĐ vận h&agrave;nh bền bỉ</em></p>\n\n<p><strong>Quạt treo tường Vinawind QTT-300EĐ</strong>&nbsp;thuộc d&ograve;ng quạt nhỏ, c&ocirc;ng suất thấp ph&ugrave; hợp kh&ocirc;ng gian nhỏ,&nbsp;sản phẩm quạt điện cơ thống nhất Vinawind nổi tiếng bền bỉ v&agrave; gi&aacute; cả hợp l&yacute;.</p>\n\n<p><img alt=\"Quạt treo tường Vinawind QTT-300EĐ dễ dàng sử dụng\" src=\"https://bizweb.dktcdn.net/100/391/557/files/quat-treo-tuong-vinawind-qtt-300ed-0d7c569d-bc6a-4e59-93db-80369148ff56.jpg?v=1611805211205\" /></p>\n\n<p><em>Quạt treo tường Vinawind QTT-300EĐ dễ d&agrave;ng sử dụng</em></p>\n', 'WF', 'https://bizweb.dktcdn.net/100/391/529/products/8834quattreotuongdiencothongnh-cc6cf2a2-96a7-4577-b376-9c636eee3a76.png?v=1641822649447', 'In stock');

--
-- Indexes for dumped tables
--

--
-- Indexes for table `cart`
--
ALTER TABLE `cart`
  ADD PRIMARY KEY (`id`),
  ADD UNIQUE KEY `productId` (`productId`);

--
-- Indexes for table `category`
--
ALTER TABLE `category`
  ADD PRIMARY KEY (`category`);

--
-- Indexes for table `comment`
--
ALTER TABLE `comment`
  ADD PRIMARY KEY (`id`),
  ADD KEY `productId` (`productId`);

--
-- Indexes for table `discount`
--
ALTER TABLE `discount`
  ADD PRIMARY KEY (`id`);

--
-- Indexes for table `faq`
--
ALTER TABLE `faq`
  ADD PRIMARY KEY (`id`);

--
-- Indexes for table `product`
--
ALTER TABLE `product`
  ADD PRIMARY KEY (`id`),
  ADD KEY `category` (`category`);

--
-- AUTO_INCREMENT for dumped tables
--

--
-- AUTO_INCREMENT for table `cart`
--
ALTER TABLE `cart`
  MODIFY `id` int(11) NOT NULL AUTO_INCREMENT, AUTO_INCREMENT=273;

--
-- AUTO_INCREMENT for table `comment`
--
ALTER TABLE `comment`
  MODIFY `id` int(11) NOT NULL AUTO_INCREMENT, AUTO_INCREMENT=36;

--
-- AUTO_INCREMENT for table `discount`
--
ALTER TABLE `discount`
  MODIFY `id` int(11) NOT NULL AUTO_INCREMENT, AUTO_INCREMENT=5;

--
-- AUTO_INCREMENT for table `faq`
--
ALTER TABLE `faq`
  MODIFY `id` int(11) NOT NULL AUTO_INCREMENT, AUTO_INCREMENT=7;

--
-- AUTO_INCREMENT for table `product`
--
ALTER TABLE `product`
  MODIFY `id` int(11) NOT NULL AUTO_INCREMENT, AUTO_INCREMENT=97;

--
-- Constraints for dumped tables
--

--
-- Constraints for table `cart`
--
ALTER TABLE `cart`
  ADD CONSTRAINT `cart_ibfk_1` FOREIGN KEY (`productId`) REFERENCES `product` (`id`);

--
-- Constraints for table `comment`
--
ALTER TABLE `comment`
  ADD CONSTRAINT `comment_ibfk_1` FOREIGN KEY (`productId`) REFERENCES `product` (`id`);

--
-- Constraints for table `product`
--
ALTER TABLE `product`
  ADD CONSTRAINT `product_ibfk_1` FOREIGN KEY (`category`) REFERENCES `category` (`category`);
COMMIT;

/*!40101 SET CHARACTER_SET_CLIENT=@OLD_CHARACTER_SET_CLIENT */;
/*!40101 SET CHARACTER_SET_RESULTS=@OLD_CHARACTER_SET_RESULTS */;
/*!40101 SET COLLATION_CONNECTION=@OLD_COLLATION_CONNECTION */;
